證券代號,投標開始日,撥券日期(上市、上櫃日期),成交量,成交金額,開盤價,最高價,最低價,收盤價,價差,成交筆數,預估獲利率,最低得標加價率,加權平均加價率
6026,2016-01-07,2016-01-27,2729008,25884784,9.5,9.55,9.3,9.4,-0.1,351,0.274,0.287,0.287
6510,2016-03-04,2016-03-24,1471264,878440040,590.0,622.0,580.0,615.0,255.0,1212,1.05,0.467,0.503
2739,2016-04-28,2016-05-19,2705274,142464500,52.0,53.8,52.0,52.0,0.0,1846,0.34,0.34,0.383
6531,2016-05-11,2016-05-31,3796149,377727776,99.0,102.0,95.2,95.2,0.0,2117,0.341,0.296,0.326
6523,2016-05-26,2016-06-16,1511976,412510568,280.0,280.0,264.0,265.0,77.0,1261,0.762,0.71,0.799
6446,2016-06-29,2016-07-19,7072701,1411683700,200.0,203.0,195.0,199.5,40.5,4950,0.506,0.245,0.312
4552,2016-06-30,2016-07-20,5899032,701284468,117.0,126.5,115.0,122.0,0.0,2935,0.525,0.264,0.446
6499,2016-07-06,2016-07-27,2218292,377052680,169.0,174.5,165.0,165.0,33.0,1578,0.375,0.309,0.367
8415,2016-08-18,2016-09-07,4923000,88707400,18.0,18.3,18.0,18.1,3.1,1903,0.508,0.417,0.417
6542,2016-08-19,2016-09-08,1309147,135714500,108.0,108.5,90.0,99.8,-6.2,648,0.036,0.152,0.193
8473,2016-08-19,2016-09-08,5290907,318078020,60.3,61.2,58.5,60.0,0.0,3059,0.439,0.283,0.315
6548,2016-08-25,2016-09-13,925000,128389500,133.0,147.0,130.0,138.0,36.0,693,0.569,0.366,0.418
1598,2016-08-30,2016-09-20,2779154,134582111,48.9,49.5,47.05,47.15,0.0,1666,0.267,0.267,0.317
6535,2016-09-05,2016-09-26,6999098,427733172,57.5,64.3,56.3,63.7,9.7,4181,0.416,0.195,0.254
8279,2016-09-05,2016-09-26,3366467,290911204,73.0,139.0,73.0,121.0,62.2,2298,1.387,0.288,0.314
4438,2016-09-27,2016-10-18,3141762,575556065,183.0,188.0,179.0,181.0,0.0,2472,0.299,0.213,0.26
2633,2016-10-06,2016-10-27,79716801,1762148850,20.6,24.8,20.5,24.05,0.0,26176,1.066,0.479,0.53
8466,2016-10-12,2016-11-01,3684000,503334500,138.0,141.5,131.0,131.5,0.0,2159,0.906,0.52,0.578
4943,2016-10-24,2016-11-11,2650006,159360254,59.0,62.2,58.9,59.0,0.0,1731,0.204,0.206,0.237
6554,2016-11-22,2016-12-12,3286000,177907100,55.8,56.3,50.5,51.4,-4.4,1472,0.125,0.163,0.221
8488,2016-11-23,2016-12-13,2655000,123137700,48.0,48.0,44.2,45.5,0.0,1574,0.213,0.15,0.211
3346,2016-11-29,2016-12-19,5224952,261535100,46.0,54.6,46.0,51.1,0.0,2525,1.129,0.407,0.478
6569,2016-12-01,2016-12-21,1244464,298828936,250.0,258.0,223.0,224.0,39.0,1017,0.465,0.355,0.398
6568,2016-12-08,2016-12-28,2330974,351625481,144.0,159.0,143.0,153.5,17.5,1615,0.411,0.27,0.291
5258,2016-12-12,2016-12-30,3564520,154458517,44.8,45.0,41.15,41.95,0.0,2456,0.199,0.066,0.127
2939,2017-12-21,2018-01-11,1593000,340207000,213.5,219.5,206.0,210.0,0.0,1241,0.615,0.398,0.443
6616,2017-12-20,2018-01-10,2035000,49066250,23.0,28.2,22.2,26.85,8.85,1001,0.79,0.333,0.405
6596,2017-12-14,2018-01-04,997002,63985829,64.5,65.8,63.3,63.3,0.5,711,0.141,0.076,0.132
4764,2017-12-14,2018-01-04,2337500,158133800,68.0,69.4,66.5,67.0,0.0,1645,0.549,0.272,0.291
6613,2017-12-08,2017-12-28,2177460,391009527,177.0,187.0,173.0,180.5,45.5,1688,0.497,0.294,0.341
6570,2017-11-21,2017-12-11,863002,26849360,32.0,32.5,29.6,29.8,4.6,570,0.324,0.324,0.372
8478,2017-11-21,2017-12-11,3211210,234572087,75.0,77.8,70.5,71.7,0.0,1956,0.083,0.141,0.212
4155,2017-11-15,2017-12-05,4784000,159860600,34.5,35.4,30.7,34.9,0.0,2384,0.745,0.38,0.423
8499,2017-11-06,2017-11-24,4293000,572602500,122.0,160.0,122.0,158.0,0.0,2740,0.975,0.3,0.362
8342,2017-11-03,2017-11-23,1231100,69577400,58.0,61.0,53.2,54.0,13.0,858,0.475,0.229,0.261
6593,2017-10-16,2017-11-03,2161248,97221912,40.2,53.0,40.2,50.0,20.0,1147,0.85,0.25,0.322
6556,2017-10-11,2017-10-31,639002,27975441,44.8,46.9,40.3,45.5,15.8,542,0.685,0.321,0.395
2243,2017-09-07,2017-09-27,2070000,71920950,34.0,35.95,33.8,35.15,0.0,1126,0.172,0.107,0.174
1268,2017-09-07,2017-09-27,1341117,235269209,177.5,179.5,168.5,176.0,26.0,989,0.408,0.281,0.318
6441,2017-09-07,2017-09-27,1381300,86082750,63.0,63.6,61.5,61.5,11.5,880,0.464,0.361,0.425
6573,2017-09-06,2017-09-26,2989000,112312750,38.5,38.55,36.5,37.0,0.0,1590,0.233,0.123,0.195
4741,2017-09-06,2017-09-26,975600,65853900,67.0,69.5,65.4,67.6,12.4,675,0.408,0.279,0.363
6574,2017-08-15,2017-09-04,711000,98041500,133.0,144.0,133.0,141.0,13.0,564,0.289,0.128,0.188
4562,2017-08-01,2017-08-21,2530681,114437945,46.5,46.5,43.6,44.95,0.0,1612,0.236,0.078,0.209
6579,2017-08-01,2017-08-21,2567000,289993000,114.0,116.5,110.0,112.5,0.0,1757,0.508,0.341,0.433
4807,2017-06-06,2017-06-26,1370202,92117175,67.9,69.5,65.7,66.6,0.0,1021,0.11,0.147,0.196
6582,2017-05-24,2017-06-14,2332100,168706590,74.7,75.3,70.1,71.2,0.0,1712,0.183,0.18,0.243
4148,2017-05-18,2017-06-08,4594220,321522340,69.9,73.2,65.0,71.3,0.0,2621,0.426,0.11,0.202
2937,2017-05-18,2017-06-08,1194000,35062850,30.2,30.6,28.4,28.4,3.25,701,0.321,0.326,0.38
6497,2017-05-10,2017-06-01,5042015,276330129,58.0,59.8,50.2,52.2,-16.7,2487,-0.184,0.0,0.077
2897,2017-04-14,2017-05-05,28832693,270492745,9.05,9.89,9.05,9.28,0.0,6468,0.552,0.341,0.363
8489,2017-04-07,2017-04-27,1203640,178944080,155.0,155.0,135.0,147.0,62.0,907,1.075,0.978,1.024
6438,2017-04-05,2017-04-25,2436802,128749406,52.0,54.9,51.2,52.5,10.5,1486,0.5,0.441,0.462
6492,2017-03-31,2017-04-24,2615432,411494572,160.5,165.0,146.0,146.0,-16.0,1266,0.081,0.225,0.257
2065,2017-03-30,2017-04-21,2010300,76469490,37.9,39.0,36.9,37.6,5.4,1250,0.343,0.572,0.629
6472,2017-03-28,2017-04-19,1232538,70841710,57.6,63.0,52.3,54.3,21.8,855,1.172,1.435,1.494
6577,2017-03-01,2017-03-21,4651164,465049785,105.0,110.0,85.0,85.7,32.9,3247,0.834,0.472,0.523
6533,2017-02-20,2017-03-14,5889591,873611618,135.0,199.0,131.0,189.5,0.0,4332,2.493,0.911,0.966
6560,2017-01-04,2017-01-24,2497935,152717015,52.0,70.1,51.7,69.6,38.8,1469,1.711,0.381,0.4
8480,2016-12-27,2017-01-17,1285200,144885100,114.5,117.0,108.0,108.5,0.0,933,0.318,0.339,0.363
4538,2018-12-24,2019-01-15,3009712,57366077,19.4,20.15,18.1,20.1,6.1,1574,0.579,0.447,0.52
4967,2018-12-22,2019-01-14,4108060,120297210,30.3,30.8,28.2,28.5,0.0,2270,0.477,0.363,0.411
6590,2018-12-05,2018-12-24,1195534,40570485,38.0,38.0,30.0,32.25,13.1,887,0.955,0.285,0.362
1341,2018-12-05,2018-12-24,1152000,71829200,58.1,68.0,58.1,64.6,0.0,998,1.602,0.422,0.48
6670,2018-11-28,2018-12-18,8059150,1363541025,170.0,176.5,162.5,163.0,0.0,5032,0.63,0.31,0.351
2070,2018-11-27,2018-12-17,3609759,182059670,46.0,57.0,46.0,57.0,25.15,2255,1.048,0.1,0.145
6668,2018-11-22,2018-12-12,5225762,478055734,92.0,94.2,87.5,89.5,0.0,3601,0.79,0.1,0.161
6671,2018-11-21,2018-12-11,1698000,88480800,53.0,53.0,51.1,51.5,0.0,1494,0.594,0.223,0.284
6558,2018-11-15,2018-12-05,9299751,317470482,30.0,38.0,30.0,37.5,0.0,4449,1.292,0.358,0.43
4766,2018-11-08,2018-11-28,4114951,375998516,88.0,94.5,87.0,94.0,0.0,3263,0.408,0.138,0.191
6674,2018-11-08,2018-11-28,4781592,161195530,31.95,39.95,31.3,39.0,0.0,2282,0.377,0.032,0.089
6655,2018-11-08,2018-11-28,1195500,71531350,60.5,61.5,57.2,60.1,0.0,784,0.156,0.058,0.177
3178,2018-10-30,2018-11-19,1082125,31912675,28.8,29.8,28.8,29.25,-0.4,554,0.147,0.05,0.162
6667,2018-10-24,2018-11-13,710100,26915564,37.5,39.0,37.0,39.0,2.0,534,0.15,0.032,0.092
4767,2018-10-08,2018-10-29,709600,13830539,19.05,20.5,18.95,18.95,0.95,484,0.168,0.07,0.139
6654,2018-10-02,2018-10-23,1319900,97565500,74.5,74.6,73.0,74.1,0.5,805,0.136,0.077,0.128
6640,2018-10-02,2018-10-23,850050,33016050,37.5,41.0,37.5,39.6,2.1,518,0.267,0.235,0.266
5876,2018-09-28,2018-10-19,18388029,659237999,35.0,36.9,34.5,36.9,0.0,7498,0.475,0.324,0.371
4961,2018-09-26,2018-10-17,5079890,187474962,36.9,38.2,36.2,36.4,0.0,3291,0.247,0.168,0.291
4568,2018-09-12,2018-10-03,657350,59729200,90.9,93.9,88.8,90.4,15.4,539,0.386,0.322,0.362
6641,2018-09-03,2018-09-21,1549686,131071955,85.5,86.5,82.6,83.0,0.0,1121,0.328,0.25,0.29
6578,2018-08-29,2018-09-18,2133545,53450830,24.0,25.7,24.0,24.85,4.85,1057,0.367,0.294,0.324
6664,2018-08-21,2018-09-12,1359756,85272991,65.0,65.2,59.0,61.2,6.2,1105,0.324,0.365,0.387
8367,2018-08-21,2018-09-12,2614025,55151550,21.4,21.8,20.35,21.65,0.0,1591,0.251,0.191,0.226
4540,2018-07-26,2018-08-15,3754294,439363398,120.0,122.0,111.5,114.5,0.0,2808,0.449,0.442,0.471
8482,2018-07-26,2018-08-15,4736200,548205900,116.0,117.5,114.5,114.5,0.0,2109,0.145,0.049,0.163
1240,2018-07-19,2018-08-08,1102200,63541060,59.0,59.9,55.1,55.2,8.0,773,0.415,0.349,0.377
6612,2018-06-28,2018-07-18,3174410,248270443,69.5,88.0,68.9,85.0,38.55,1969,1.233,0.474,0.497
3530,2018-06-26,2018-07-16,3292002,473486292,137.0,151.5,137.0,146.0,0.0,2349,0.648,0.454,0.533
4744,2018-06-22,2018-07-12,1936010,81246098,41.9,43.3,40.75,40.8,12.8,1261,0.734,0.492,0.544
4563,2018-06-22,2018-07-12,1746910,138301879,79.8,81.1,77.0,77.0,18.1,1134,0.503,0.464,0.489
8028,2018-06-20,2018-07-10,10236883,402334903,38.0,41.7,36.85,41.7,0.0,4379,1.034,0.589,0.637
5223,2018-06-11,2018-07-02,1995000,81139700,42.0,42.95,36.05,38.0,11.0,1428,0.52,0.429,0.606
6576,2018-06-08,2018-06-29,2682256,158698248,60.0,60.3,58.0,58.2,13.0,1975,0.455,0.33,0.373
4989,2018-06-07,2018-06-28,9135161,291849161,31.0,34.1,30.4,33.3,0.0,4852,0.558,0.3,0.331
4561,2018-05-22,2018-06-11,5174125,255701987,44.0,55.0,41.3,54.3,27.8,2679,1.357,0.459,0.497
6561,2018-05-16,2018-06-05,3203031,672620448,214.0,216.0,204.0,204.0,34.0,2464,0.5,0.407,0.452
3147,2018-05-09,2018-05-29,1305917,27947885,21.5,22.0,21.05,21.4,2.4,820,0.34,0.315,0.341
6288,2018-04-18,2018-05-09,7403960,165592366,22.8,22.85,21.5,22.1,0.0,3596,0.289,0.23,0.264
5220,2018-04-03,2018-04-26,2092101,62474480,30.55,30.7,28.8,28.8,3.5,1333,0.309,0.305,0.336
1587,2018-03-23,2018-04-16,3680369,86460520,23.75,24.2,22.6,23.9,0.0,2198,0.542,0.29,0.32
6416,2018-03-23,2018-04-16,4414519,682015742,152.0,159.5,150.5,158.0,0.0,2965,0.799,0.478,0.52
2745,2018-03-23,2018-04-16,1171200,38544650,33.4,33.5,32.55,32.8,6.8,712,0.489,0.398,0.428
6547,2018-03-26,2018-04-17,6318250,262049650,40.4,43.5,40.1,41.0,13.0,4376,0.64,0.184,0.224
5864,2018-03-14,2018-04-02,2176100,21449740,9.61,10.0,9.61,9.89,0.83,1307,0.419,0.327,0.329
8440,2018-03-08,2018-03-28,3822927,93861483,23.5,26.2,23.5,25.6,9.9,1847,0.893,0.642,0.683
6461,2018-03-08,2018-03-28,8026110,312498681,37.2,41.7,37.2,41.05,6.25,4429,0.368,0.133,0.181
8497,2018-03-05,2018-03-23,3010502,153963602,50.0,52.6,48.4,51.0,0.0,2155,0.275,0.19,0.226
2630,2018-01-29,2018-02-22,3521752,119654741,33.3,35.5,33.0,33.3,0.0,2090,0.665,0.52,0.571
6625,2018-01-18,2018-02-07,2197300,187590700,91.3,91.4,78.0,86.9,0.0,1278,0.538,0.221,0.289
4566,2018-01-16,2018-02-05,2380030,184074503,76.0,79.2,74.2,79.2,0.0,1842,0.425,0.188,0.22
6581,2018-01-10,2018-01-30,5586680,629388700,110.0,117.0,107.5,114.0,0.0,3250,0.538,0.343,0.397
1760,2018-01-03,2018-01-23,3698304,224691884,60.5,62.3,58.6,60.5,0.0,2716,0.338,0.106,0.251
5299,2018-01-03,2018-01-23,4486500,341224300,70.0,81.5,70.0,81.0,31.0,2629,0.895,0.513,0.55
1796,2018-01-02,2018-01-22,1170050,60867585,54.0,54.0,49.0,51.4,16.6,807,0.772,0.5,0.578
6615,2018-01-02,2018-01-22,1244000,113488500,90.0,94.9,88.8,90.1,18.1,968,0.502,0.37,0.423
4580,2019-12-16,2020-01-06,2813576,331052652,115.0,128.0,112.5,128.0,50.0,1955,0.871,0.371,0.396
6697,2019-12-06,2019-12-26,1567800,78894210,50.6,51.8,47.8,47.95,5.35,1124,0.463,0.297,0.329
6527,2019-12-05,2019-12-25,2137114,176792361,81.5,87.1,81.1,86.2,27.4,1568,0.642,0.365,0.389
6706,2019-11-29,2019-12-19,3030170,245047246,80.0,83.5,79.0,80.5,0.0,1975,0.61,0.398,0.422
6715,2019-11-22,2019-12-12,1903223,178405204,92.0,96.0,92.0,93.2,0.0,1441,0.553,0.366,0.401
6592,2019-11-19,2019-12-09,46515299,4163181400,82.0,100.0,80.0,98.0,0.0,29039,1.145,0.332,0.529
4439,2019-11-15,2019-12-05,1495000,299460500,200.0,205.5,195.5,203.0,0.0,1040,0.465,0.243,0.328
6698,2019-11-05,2019-11-25,2317984,169397732,72.0,75.1,70.2,73.0,0.0,1627,0.256,0.185,0.233
6690,2019-10-08,2019-10-30,1585635,198924050,130.0,133.5,115.0,130.0,75.0,1298,1.6,0.9,1.088
6491,2019-09-17,2019-10-07,2450008,439368440,179.0,181.5,177.5,178.5,0.0,2098,0.386,0.295,0.349
2752,2019-09-04,2019-09-25,773010,94220750,122.5,124.0,120.0,120.0,15.0,641,0.429,0.369,0.401
6642,2019-09-02,2019-09-23,1472100,57812150,38.7,40.25,38.6,40.25,10.25,920,0.543,0.315,0.348
4571,2019-08-27,2019-09-17,2753000,243281800,89.0,92.3,85.5,90.0,0.0,1655,0.44,0.253,0.307
4931,2019-08-27,2019-09-17,2844112,97394893,33.6,35.8,33.3,33.45,15.45,1793,1.1,1.09,1.168
6680,2019-08-26,2019-09-16,386000,28076100,72.5,73.7,71.8,73.0,13.0,314,0.46,0.374,0.411
4572,2019-08-21,2019-09-10,1677208,270496380,159.5,164.0,159.0,160.5,0.0,1281,0.479,0.36,0.382
4576,2019-08-15,2019-09-04,5629005,482042080,83.0,90.8,80.0,90.0,0.0,3589,0.8,0.366,0.535
6589,2019-06-10,2019-06-28,6358781,195059645,30.8,31.5,30.0,31.25,0.4,2941,0.159,0.076,0.144
6629,2019-05-17,2019-06-06,967000,38327350,41.9,42.0,38.0,38.2,2.6,618,0.363,0.349,0.413
6649,2019-05-16,2019-06-05,1373000,67663100,49.0,50.6,48.15,48.3,6.3,1085,0.437,0.315,0.354
6624,2019-05-08,2019-05-28,991000,63102800,63.0,65.5,61.8,63.6,13.6,624,0.641,0.536,0.567
5283,2019-05-06,2019-05-24,2013653,200661730,100.0,103.0,95.3,102.0,0.0,1706,0.233,0.197,0.243
6679,2019-04-18,2019-05-09,1205500,104906800,90.9,90.9,85.4,86.0,16.0,854,0.474,0.469,0.486
6516,2019-04-15,2019-05-06,895000,161310000,180.0,189.0,175.0,180.5,42.5,823,0.7,0.775,0.826
6683,2019-04-01,2019-04-23,1164315,148346450,128.5,130.5,124.0,126.0,51.0,846,0.932,0.823,0.848
6672,2019-03-26,2019-04-17,5337410,503805396,93.7,96.6,92.5,95.0,0.0,2903,0.803,0.512,0.535
6669,2019-03-07,2019-03-27,7122919,2673135220,370.0,387.0,362.0,378.0,0.0,5431,0.753,0.555,0.62
6662,2019-03-06,2019-03-26,806200,42788300,54.0,54.4,51.6,52.0,15.2,634,0.653,0.623,0.66
4760,2019-02-27,2019-03-21,1443070,50387708,34.65,35.9,34.0,35.15,12.55,956,0.882,0.775,0.82
4564,2019-02-13,2019-03-07,9908488,533105252,53.0,55.1,52.3,54.3,0.0,4216,1.455,0.584,0.61
6418,2019-01-18,2019-02-18,1201100,32231390,27.8,28.9,26.05,26.4,4.35,874,0.389,0.497,0.538
6643,2019-01-03,2019-01-23,1477777,422320946,290.0,295.0,277.0,281.5,83.5,1227,0.791,0.497,0.518
6425,2018-12-27,2019-01-18,3163098,141614622,45.85,45.95,43.0,43.0,13.0,1896,0.634,0.37,0.399
8104,2018-12-26,2019-01-17,5312511,430366391,80.0,83.4,79.0,81.4,0.0,3287,0.628,0.42,0.447
6712,2020-12-18,2021-01-08,2254888,373315640,165.5,176.0,160.5,172.5,34.5,1953,0.5,0.188,0.292
6751,2020-12-07,2020-12-25,506171,45278570,91.5,91.9,88.0,88.3,28.3,382,0.766,0.72,0.822
6728,2020-12-07,2020-12-25,1198117,62647652,50.0,56.4,46.25,54.9,11.9,791,0.481,0.383,0.449
6756,2020-12-04,2020-12-24,4645479,1215624576,256.0,275.0,242.5,269.0,0.0,3627,0.793,0.34,0.601
6762,2020-11-30,2020-12-18,461445,124013630,270.0,272.0,267.0,267.5,-0.5,376,0.171,0.132,0.173
2755,2020-11-26,2020-12-16,581249,39837886,71.0,71.0,66.3,68.8,8.8,475,0.433,0.481,0.538
6743,2020-11-24,2020-12-14,4303482,529925432,128.0,128.0,117.5,120.0,0.0,2852,0.5,0.375,0.43
3138,2020-11-23,2020-12-11,2003575,164478155,81.0,87.0,80.5,87.0,0.0,1608,1.043,0.611,0.68
6752,2020-11-20,2020-12-10,547381,34100766,63.0,63.3,60.3,61.1,5.1,475,0.222,0.17,0.333
6727,2020-11-11,2020-12-01,623000,39877900,66.2,66.2,63.1,64.3,11.5,537,0.34,0.3,0.325
1342,2020-11-04,2020-11-24,1930110,122253650,63.0,65.6,61.0,65.6,0.0,1383,0.312,0.272,0.314
4945,2020-11-02,2020-11-20,1253305,65394635,52.8,54.4,50.1,51.3,13.3,840,0.472,0.431,0.483
7556,2020-10-12,2020-10-30,650830,71109680,115.0,115.0,105.0,106.0,18.0,555,0.325,0.55,0.579
6703,2020-09-25,2020-10-20,1066150,129946650,125.0,127.0,118.0,121.0,24.1,832,0.511,0.536,0.565
2247,2020-09-17,2020-10-12,2978312,868076372,300.0,301.5,283.0,285.5,0.0,2605,0.697,0.611,0.7
8089,2020-09-03,2020-09-23,4296324,280089034,64.5,68.5,62.8,63.0,17.75,2973,0.615,0.382,0.41
2754,2020-08-28,2020-09-17,5672327,629966016,112.0,120.5,98.0,108.0,53.0,4321,1.396,0.584,0.727
2241,2020-08-06,2020-08-26,4415024,273253960,59.2,67.0,58.6,64.8,0.0,2997,0.542,0.285,0.322
6754,2020-08-05,2020-08-25,1262507,72637345,60.9,60.9,54.0,56.5,0.0,965,0.595,0.586,0.635
6588,2020-06-09,2020-07-01,2803378,429991638,155.0,162.5,145.0,151.0,83.0,2281,1.62,0.763,0.82
6598,2020-05-20,2020-06-09,5639193,598980981,105.0,116.0,95.0,115.5,0.0,3977,1.888,1.013,1.255
6732,2020-05-19,2020-06-08,2076828,1580013120,730.0,799.0,730.0,795.0,297.0,1858,0.916,0.513,0.538
5546,2020-04-29,2020-05-20,3106110,188315000,60.5,62.3,58.7,59.6,0.0,1982,0.324,0.235,0.321
8284,2020-04-27,2020-05-18,3071760,208147279,66.0,74.9,66.0,70.9,25.9,2076,0.891,0.57,0.602
3543,2020-03-24,2020-04-15,4011100,74839145,17.8,19.5,17.8,18.9,0.0,1930,0.575,0.208,0.272
6716,2020-03-09,2020-03-27,830000,40736150,49.5,50.1,48.1,48.25,6.25,543,0.482,0.434,0.474
2743,2020-02-17,2020-03-09,1338000,17766950,13.05,14.5,12.7,14.05,1.55,804,0.405,0.41,0.48
4581,2020-02-17,2020-03-09,1050000,46815000,42.15,46.0,42.15,45.3,0.0,755,0.411,0.28,0.391
3597,2020-02-17,2020-03-09,1297000,21661850,17.0,17.25,16.1,16.5,1.0,735,0.289,0.274,0.327
2756,2021-12-24,2022-01-14,524434,66359468,139.0,139.0,118.5,121.5,42.7,435,0.773,0.687,0.741
6719,2021-12-23,2022-01-13,2325572,1853338165,800.0,808.0,781.0,800.0,0.0,2970,0.576,0.566,0.583
3592,2021-12-17,2022-01-07,4114322,2154042495,531.0,542.0,503.0,526.0,0.0,4082,0.913,0.804,0.838
6691,2021-12-13,2022-01-03,2123952,501344750,232.0,246.0,229.5,236.0,0.0,1808,0.521,0.492,0.524
4770,2021-12-02,2021-12-22,3796229,976157140,265.0,265.0,250.5,252.0,0.0,2950,0.791,0.67,0.702
6792,2021-11-18,2021-12-08,2896574,546255375,188.0,200.0,179.5,200.0,0.0,2370,1.265,0.801,0.834
6770,2021-11-16,2021-12-06,79437560,6022191832,78.0,78.9,72.1,75.9,0.0,47955,0.765,0.439,0.477
2945,2021-11-10,2021-11-30,3321604,260173119,77.9,87.6,73.0,84.0,0.0,2584,0.497,0.23,0.278
6806,2021-10-26,2021-11-15,6677300,790915504,116.0,125.0,115.5,117.0,0.0,5038,0.3,0.112,0.16
6761,2021-10-19,2021-11-08,2215978,353753457,154.0,172.0,137.0,165.0,97.0,1757,1.669,0.761,0.796
5222,2021-10-04,2021-10-25,7546103,1295986905,160.0,185.0,157.0,181.0,0.0,5467,1.235,0.454,0.512
4440,2021-10-04,2021-10-25,2485329,109397644,44.45,44.85,42.8,44.0,0.0,1636,0.343,0.238,0.302
2947,2021-09-14,2021-10-06,652585,72395098,109.5,117.0,104.0,112.5,32.5,542,0.687,0.545,0.611
6790,2021-09-07,2021-09-29,4395359,246114470,56.0,57.1,55.2,55.8,0.0,3278,0.266,0.205,0.257
6788,2021-09-07,2021-09-29,1452375,289226833,198.5,209.0,193.0,193.5,68.5,1296,0.703,0.584,0.619
2753,2021-08-20,2021-09-09,1631483,270903750,162.5,172.0,159.0,167.0,0.0,1932,0.282,0.245,0.271
6684,2021-07-22,2021-08-11,2693734,494958417,206.0,206.0,171.5,174.0,86.0,2134,1.274,1.053,1.089
5236,2021-07-09,2021-07-29,4222331,925600279,210.5,230.0,207.0,224.5,64.5,3406,0.754,0.548,0.574
2250,2021-05-11,2021-05-31,3126198,494836203,152.0,171.0,151.0,159.0,0.0,2355,1.406,0.483,0.59
6741,2021-05-05,2021-05-25,3470068,558600125,145.0,181.0,145.0,167.0,101.0,3136,1.834,0.595,0.812
3357,2021-04-07,2021-04-27,5451810,960232350,172.0,182.5,168.0,176.5,57.5,4833,0.902,0.73,0.804
6768,2021-03-31,2021-04-22,8296624,720672812,92.1,95.0,79.2,79.9,0.0,5274,0.875,0.643,0.72
2211,2021-03-19,2021-04-12,15340609,1095361865,72.0,75.5,65.0,72.5,0.0,8961,1.157,0.488,0.542
6776,2021-03-11,2021-03-31,7531870,452257501,49.5,70.0,49.2,69.7,0.0,5600,2.123,0.483,0.53
6781,2021-03-02,2021-03-22,6036692,2496904297,378.0,477.0,368.0,469.0,0.0,4703,2.127,0.521,0.637
6651,2021-01-12,2021-02-01,2170841,155408887,70.0,73.7,69.8,73.1,22.5,1540,0.589,0.332,0.412
6733,2021-01-08,2021-01-28,2846601,89136463,30.85,32.5,29.95,31.2,3.2,2049,0.292,0.213,0.279
6661,2021-01-07,2021-01-27,1184009,36252279,30.5,31.6,29.55,31.15,5.15,793,0.557,0.4,0.444
6767,2021-01-05,2021-01-25,1212023,44581323,37.5,37.9,36.0,36.9,6.9,810,0.452,0.298,0.343
6515,2020-12-30,2021-01-20,1918645,915905364,470.0,506.0,465.0,486.0,0.0,1941,0.69,0.241,0.281
6747,2020-12-29,2021-01-19,934110,125225150,129.0,140.0,129.0,139.5,39.5,743,0.534,0.285,0.34
6865,2022-12-21,2023-01-11,448722,38055943,84.6,88.7,81.3,82.5,24.5,416,0.707,0.643,0.672
6708,2022-12-09,2022-12-29,1463205,90367326,62.5,65.0,59.3,61.9,33.9,1171,1.432,1.24,1.334
8227,2022-11-30,2022-12-20,4862969,511248687,100.0,115.0,99.7,103.0,60.3,3414,1.848,1.09,1.143
6517,2022-11-25,2022-12-15,5619503,316842214,50.6,64.5,50.6,64.0,31.2,3031,1.185,0.416,0.443
3447,2022-11-25,2022-12-15,6641945,275034042,39.4,48.0,38.35,48.0,0.0,3212,1.16,0.451,0.483
6874,2022-11-24,2022-12-14,1386332,72192788,52.3,53.7,50.6,51.7,6.8,1019,0.292,0.075,0.122
6859,2022-11-08,2022-11-28,1212699,146973984,116.0,133.0,110.0,132.0,30.0,1036,0.553,0.118,0.216
6782,2022-11-08,2022-11-28,2656663,671264804,245.5,268.0,235.0,260.0,0.0,2324,0.873,0.268,0.319
6843,2022-11-01,2022-11-21,1643379,70364599,40.5,45.45,40.5,45.3,10.3,1225,0.501,0.156,0.21
6791,2022-10-25,2022-11-14,318958,15425538,48.3,49.6,47.65,47.65,1.65,323,0.243,0.18,0.301
6835,2022-10-21,2022-11-10,2415704,90232235,36.8,39.15,35.1,38.65,0.0,1493,0.288,0.107,0.18
6695,2022-10-17,2022-11-04,2320323,79554920,36.0,36.0,33.2,34.1,0.0,1524,0.019,0.006,0.081
4951,2022-10-14,2022-11-03,923623,41275708,44.0,45.3,43.95,44.6,0.9,702,0.115,0.05,0.093
6855,2022-09-16,2022-10-06,754421,68362836,91.0,91.3,89.1,90.0,14.0,476,0.362,0.259,0.301
4584,2022-09-15,2022-10-05,685000,35943931,55.0,55.2,50.1,50.6,10.05,518,0.372,0.318,0.363
6689,2022-08-23,2022-09-13,1648323,232289975,136.5,146.5,134.0,142.5,0.0,1599,0.323,0.181,0.269
3430,2022-08-19,2022-09-08,2862210,163792336,54.3,60.0,53.5,59.1,17.1,1711,0.689,0.323,0.404
6834,2022-08-12,2022-09-01,3011547,91663764,30.4,31.05,29.5,30.6,0.0,1761,0.249,0.056,0.136
6830,2022-08-11,2022-08-31,1461648,174954406,117.0,124.5,115.0,124.5,0.0,1362,0.432,0.204,0.268
6811,2022-07-20,2022-08-09,1376541,189648239,134.0,144.0,133.5,136.0,26.0,1198,0.36,0.223,0.364
6823,2022-06-10,2022-06-30,329140,33239868,103.0,104.0,99.5,100.0,1.4,325,0.176,0.185,0.226
6789,2022-06-10,2022-06-30,5630387,1840498926,334.0,334.5,317.0,334.0,0.0,5565,0.313,0.223,0.311
4577,2022-05-24,2022-06-14,1361105,46970331,34.95,35.0,33.85,34.3,2.3,1021,0.232,0.117,0.177
6550,2022-05-16,2022-06-06,6880234,658061680,94.1,98.0,94.0,95.2,0.0,5117,0.3,0.024,0.155
6796,2022-05-12,2022-06-01,1358024,71907862,50.5,54.8,50.3,53.8,0.0,985,0.38,0.124,0.208
6546,2022-05-04,2022-05-24,3161692,374028605,113.0,124.0,112.0,123.0,27.0,2316,0.473,0.169,0.215
5228,2022-04-29,2022-05-20,2456982,60611901,22.95,30.0,22.2,27.0,7.0,1460,0.498,0.115,0.236
6585,2022-04-29,2022-05-20,1818201,112636063,61.0,63.0,60.7,62.7,0.0,1133,0.138,0.017,0.103
6799,2022-04-21,2022-05-12,1603306,247221903,151.0,161.0,148.5,153.0,0.0,1294,0.288,0.19,0.231
4583,2022-04-18,2022-05-09,1148618,235688618,203.0,214.5,198.5,212.5,0.0,979,0.211,0.14,0.205
6721,2022-04-11,2022-04-29,853732,52390099,61.3,62.3,60.0,60.6,2.6,659,0.254,0.155,0.205
6735,2022-04-11,2022-04-29,1085816,96108548,89.0,89.5,87.3,88.2,5.2,839,0.148,0.131,0.217
6807,2022-04-01,2022-04-25,1893451,75440981,39.4,40.6,38.8,40.35,0.0,901,0.12,0.022,0.113
4768,2022-03-22,2022-04-13,1193926,125395583,110.0,110.0,102.0,104.0,17.2,978,0.294,0.182,0.266
6804,2022-03-11,2022-03-31,697105,37373477,54.9,55.2,51.0,52.8,12.8,587,0.65,0.456,0.602
3349,2022-03-03,2022-03-23,1327696,28988671,21.5,22.7,21.0,22.55,3.65,1007,0.314,0.172,0.226
4558,2022-02-24,2022-03-17,1416131,61131058,42.0,45.5,40.5,43.8,3.8,939,0.292,0.336,0.413
6763,2022-02-22,2022-03-15,715544,557310847,831.0,831.0,762.0,774.0,14.0,1838,0.12,0.185,0.263
4923,2022-02-21,2022-03-14,1119639,84750146,76.5,77.5,75.0,75.7,13.8,864,0.456,0.404,0.433
8438,2022-02-18,2022-03-11,1923426,79340945,41.05,43.5,40.4,40.5,0.0,1387,0.195,0.319,0.409
6829,2022-02-18,2022-03-11,1447078,106587784,75.3,75.5,72.0,73.5,7.5,1219,0.336,0.343,0.397
6693,2022-02-08,2022-03-01,1297264,159279591,122.5,129.5,116.0,119.5,3.5,1117,0.288,0.347,0.424
5244,2021-12-29,2022-01-19,3353771,174229051,50.0,53.9,49.0,53.0,0.0,2114,0.551,0.469,0.488
6906,2023-12-25,2024-01-15,1278926,241792957,191.0,197.0,182.5,186.0,0.0,1352,0.86,0.449,0.473
6534,2023-12-06,2023-12-21,1015311,83220193,82.0,82.9,80.8,82.4,0.0,535,0.483,0.35,0.439
6645,2023-12-01,2023-12-21,1067012,39661298,35.1,38.4,35.1,37.85,0.0,658,0.514,0.264,0.364
2949,2023-11-27,2023-12-15,1629717,253692570,142.5,165.0,142.0,159.0,69.0,1390,0.979,0.503,0.577
6937,2023-11-22,2023-12-12,3823654,770508529,200.5,216.5,189.5,213.0,0.0,2741,1.13,0.61,0.685
2948,2023-11-22,2023-12-12,804107,63107416,81.6,81.6,76.1,76.6,4.6,592,0.277,0.267,0.316
6904,2023-11-15,2023-12-05,524815,82851612,149.5,178.0,142.0,171.0,90.0,572,1.407,0.548,0.567
6742,2023-11-15,2023-12-05,3020480,182829145,60.0,63.5,58.0,60.1,0.0,2041,0.502,0.25,0.325
6916,2023-11-15,2023-12-05,3091802,90822786,30.3,30.35,28.6,29.2,0.0,1724,0.46,0.289,0.342
4442,2023-11-09,2023-11-29,2090211,64977479,32.95,33.0,28.05,30.65,8.65,1299,0.602,0.208,0.372
6894,2023-11-09,2023-11-29,1339931,252415940,193.0,198.0,175.0,180.5,74.5,1051,0.805,0.329,0.378
5292,2023-11-01,2023-11-21,3455670,433482440,114.0,144.5,113.5,144.5,0.0,2629,1.38,0.299,0.372
6922,2023-10-20,2023-11-09,781820,81019881,100.0,110.5,99.7,105.0,23.0,684,0.485,0.253,0.344
6805,2023-10-20,2023-11-09,5433605,1743927340,297.0,345.0,295.0,330.0,0.0,4992,0.881,0.289,0.363
6933,2023-10-19,2023-11-08,2340278,461185187,180.0,238.0,180.0,237.5,0.0,1903,1.969,0.625,0.914
6658,2023-10-13,2023-11-02,1108916,43536894,39.2,41.0,38.15,40.0,0.0,889,0.6,0.452,0.533
6856,2023-10-05,2023-10-27,1317249,92497075,68.5,72.0,67.2,72.0,7.0,746,0.318,0.135,0.231
2254,2023-10-02,2023-10-20,295000,26056100,87.4,99.0,78.0,78.0,0.0,150,0.204,0.134,0.308
6526,2023-09-26,2023-10-19,5006963,2088862794,410.0,429.0,400.0,415.0,0.0,6747,0.028,0.0,0.078
6901,2023-08-30,2023-09-19,29086502,1373490285,45.2,49.6,45.0,47.7,0.0,18398,0.264,0.056,0.25
6870,2023-08-25,2023-09-14,656935,98881468,148.0,157.0,143.5,148.5,20.5,707,0.485,0.44,0.512
6895,2023-08-02,2023-08-22,619014,87069017,142.5,144.0,134.0,138.0,38.0,667,0.532,0.499,0.561
4569,2023-07-11,2023-07-31,944449,112478623,122.5,124.5,113.5,116.5,0.0,838,0.942,0.731,0.861
2073,2023-06-01,2023-06-21,1058140,35984745,33.0,35.0,32.65,34.95,12.95,769,0.859,0.649,0.674
6877,2023-05-29,2023-06-16,1550799,67642796,43.0,45.3,42.55,43.3,21.3,1062,1.165,0.899,0.93
6657,2023-05-23,2023-06-12,3605882,221346862,61.5,65.5,58.6,65.1,0.0,2595,0.808,0.436,0.484
6821,2023-05-02,2023-05-22,859274,38402795,44.9,45.6,44.0,44.9,14.9,695,0.796,0.728,0.764
6584,2023-04-27,2023-05-18,1941261,129653325,66.0,69.8,65.2,68.4,32.4,1425,1.28,1.08,1.163
6846,2023-04-24,2023-05-15,754041,72898644,96.5,99.4,94.8,94.8,26.8,627,0.687,0.601,0.633
6861,2023-03-07,2023-03-27,1399729,175077720,120.0,129.0,120.0,128.0,0.0,1340,1.139,1.021,1.064
6840,2023-03-06,2023-03-24,832746,76218013,92.5,92.9,90.2,90.3,22.3,679,0.554,0.483,0.51
6606,2023-03-06,2023-03-24,4097350,117528243,29.4,29.4,28.1,28.5,0.0,2656,0.68,0.533,0.613
6863,2023-03-01,2023-03-21,3978987,778653589,200.0,207.0,185.5,202.0,0.0,2925,1.61,0.627,0.721
2645,2023-02-20,2023-03-14,8433623,768527459,91.9,94.7,89.5,89.5,0.0,5999,0.553,0.406,0.439
6753,2023-02-16,2023-03-10,5367921,467848608,85.5,90.6,84.6,87.1,0.0,4202,2.078,1.625,1.703
6841,2023-02-07,2023-03-01,4605973,474908597,98.6,112.5,94.5,110.5,52.9,3594,1.302,0.473,0.536
7715,2024-12-25,2025-01-15,1233835,59625060,49.8,49.8,46.5,48.7,9.1,876,0.476,0.299,0.35
6994,2024-12-25,2025-01-15,2927712,283002462,92.0,102.5,91.6,97.2,0.0,2473,0.392,0.163,0.261
6931,2024-12-25,2025-01-15,1170765,93205605,80.8,81.3,77.0,80.0,0.0,1147,0.445,0.282,0.41
7714,2024-12-25,2025-01-15,410536,36023354,87.5,89.3,87.0,87.1,1.0,439,0.201,0.105,0.187
7732,2024-12-24,2025-01-14,792187,35707456,43.6,49.2,43.45,47.3,0.0,690,0.478,0.309,0.321
7712,2024-12-06,2024-12-26,827951,171356936,204.0,212.5,201.0,206.5,20.5,792,0.277,0.181,0.229
6982,2024-11-28,2024-12-18,1001715,52780144,52.0,55.0,51.5,53.7,2.7,853,0.316,0.275,0.315
7704,2024-11-26,2024-12-16,750918,61461340,80.1,85.2,79.1,79.5,10.5,647,0.325,0.318,0.384
6885,2024-11-26,2024-12-16,3752122,119011397,31.9,32.8,30.55,31.0,0.0,2035,0.028,0.005,0.071
6997,2024-11-26,2024-12-16,535517,67083512,129.0,130.5,119.0,119.5,18.5,537,0.372,0.4,0.428
6955,2024-11-21,2024-12-06,167020,23599940,133.0,147.5,132.0,147.5,0.0,116,0.53,0.213,0.262
8045,2024-11-21,2024-12-11,1695250,119172321,72.6,72.6,68.8,69.7,0.0,1391,0.175,0.147,0.212
6996,2024-11-20,2024-12-10,766178,184874760,236.0,250.0,236.0,238.5,38.5,945,0.312,0.283,0.322
7722,2024-11-15,2024-12-05,1837946,925787863,510.0,520.0,465.0,509.0,0.0,4409,0.242,0.191,0.287
6720,2024-11-14,2024-12-04,726262,119677362,164.0,169.5,162.0,163.5,25.5,715,0.363,0.298,0.338
6962,2024-11-06,2024-11-26,18135022,1072594926,65.0,65.1,55.2,57.8,0.0,9456,0.676,0.508,0.705
7705,2024-11-06,2024-11-26,1725891,139512729,85.5,85.9,78.0,78.2,0.0,1578,0.335,0.432,0.458
7708,2024-10-25,2024-11-15,1126842,116650291,105.5,109.5,100.5,100.5,28.5,1132,0.619,0.517,0.558
7703,2024-10-23,2024-11-13,1335109,215703752,166.5,168.5,148.0,160.0,40.0,1223,0.493,0.416,0.446
6988,2024-10-07,2024-10-23,283000,7675250,28.8,32.0,24.5,25.1,0.0,115,0.255,0.366,0.413
2646,2024-10-04,2024-10-25,253282154,7345382637,25.95,32.0,25.65,30.75,0.0,122065,0.768,0.244,0.339
6862,2024-10-02,2024-10-23,2580016,687543061,260.0,284.0,258.5,259.0,0.0,1890,1.398,0.704,0.792
8272,2024-10-02,2024-10-23,1168768,136818298,115.0,128.0,108.5,124.0,65.0,1155,1.438,0.59,0.691
6913,2024-09-10,2024-10-01,1630870,183862439,114.0,123.0,104.0,123.0,22.5,1249,0.522,0.199,0.247
1294,2024-09-05,2024-09-26,836922,108245643,131.0,133.0,125.5,126.5,8.5,768,0.265,0.15,0.198
6967,2024-09-04,2024-09-25,1571316,103797738,64.5,70.0,61.2,70.0,20.0,1315,0.61,0.313,0.359
6923,2024-09-04,2024-09-25,2300891,211828161,97.5,97.5,89.1,91.3,0.0,1857,0.347,0.254,0.288
4772,2024-08-30,2024-09-20,7748082,1460270461,180.0,200.0,174.5,197.0,87.0,6654,1.239,0.504,0.568
2751,2024-08-21,2024-09-10,717156,55242386,80.9,80.9,74.2,74.5,3.7,576,0.242,0.13,0.193
6969,2024-08-20,2024-09-09,729789,26083570,38.85,38.85,33.3,34.5,0.0,448,0.24,0.168,0.241
6739,2024-08-13,2024-09-02,1821190,259778267,135.0,160.0,132.0,151.5,76.5,1324,1.222,0.63,0.751
6958,2024-07-31,2024-08-20,1974823,63313708,33.6,33.8,31.5,31.55,0.0,1775,0.209,0.131,0.224
6968,2024-07-25,2024-08-14,1030317,85733581,86.0,86.7,80.2,82.6,14.6,957,0.53,0.393,0.446
6838,2024-07-22,2024-08-13,5850197,240610301,39.05,44.05,38.75,41.95,0.0,3587,0.398,0.163,0.275
7584,2024-07-05,2024-07-25,880351,110089809,119.5,135.0,117.0,130.5,55.5,782,1.088,0.731,0.777
3150,2024-06-12,2024-06-27,504000,22483750,43.0,46.8,42.7,43.3,0.0,273,0.512,0.266,0.339
6957,2024-06-04,2024-06-25,3910567,1102347542,251.0,301.0,251.0,300.0,0.0,2552,1.5,0.402,0.539
6951,2024-05-31,2024-06-18,731280,39378359,55.4,55.6,53.0,54.1,0.0,396,0.25,0.109,0.233
6617,2024-05-28,2024-06-18,2712683,358165033,130.5,135.5,126.0,132.0,-9.0,2526,0.05,0.0,0.123
6637,2024-05-28,2024-06-18,1866423,182911275,91.0,108.0,90.9,104.5,38.5,1410,0.742,0.355,0.406
6952,2024-05-23,2024-06-13,1559406,81626591,50.2,54.9,49.5,53.1,0.0,1010,0.062,0.002,0.143
6890,2024-05-22,2024-06-12,13473270,2136639082,150.0,184.0,142.0,184.0,0.0,7222,1.381,0.424,0.622
6903,2024-05-22,2024-06-12,2023464,383355619,189.5,195.0,185.0,192.0,41.0,1856,0.437,0.262,0.313
6794,2024-05-06,2024-05-21,211100,14922490,68.0,75.0,68.0,73.9,0.0,110,0.478,0.34,0.394
6771,2024-05-02,2024-05-17,408080,30103968,71.9,76.5,71.9,74.6,0.0,250,0.56,0.359,0.436
6881,2024-04-30,2024-05-21,262921,61835087,229.0,249.5,224.0,241.0,76.0,364,0.855,0.502,0.502
6423,2024-04-29,2024-05-15,915100,88141680,94.0,98.5,93.5,97.9,0.0,560,0.632,0.316,0.525
6928,2024-04-25,2024-05-16,2729621,236033169,86.5,89.5,84.0,85.5,0.0,2397,0.565,0.452,0.552
1563,2024-04-22,2024-05-13,7050997,593852961,83.0,89.0,81.0,86.9,0.0,4873,0.39,0.151,0.193
6953,2024-04-22,2024-05-13,571547,165405654,295.0,298.0,283.5,286.0,69.0,654,0.517,0.432,0.459
4949,2024-04-18,2024-05-09,3338578,109145053,32.5,35.5,30.0,35.45,0.0,1848,0.773,0.325,0.432
6914,2024-04-12,2024-05-03,1472646,285630821,198.0,202.0,185.5,188.5,0.0,1786,0.571,0.516,0.565
6899,2024-03-15,2024-04-08,1483135,104836605,68.9,72.2,68.0,70.8,20.8,1125,0.643,0.523,0.549
8487,2024-03-11,2024-03-26,347500,26804998,78.0,78.7,75.1,78.4,0.0,219,0.725,0.568,0.638
6929,2024-03-08,2024-03-28,1064322,89507032,86.0,86.0,80.0,83.0,18.0,843,0.507,0.507,0.563
6875,2024-03-06,2024-03-26,3113855,293419359,96.8,97.0,91.6,92.0,27.0,2518,0.698,0.569,0.655
3168,2024-03-06,2024-03-26,2164203,138833360,64.7,65.8,63.1,63.6,0.0,1604,0.514,0.418,0.47
2941,2024-02-29,2024-03-20,316341,27859655,90.2,92.0,84.0,89.7,11.7,334,0.38,0.4,0.444
5548,2024-02-26,2024-03-18,862766,27461294,32.55,32.95,30.0,31.8,11.8,714,0.765,0.67,0.784
4771,2024-02-26,2024-03-18,2334985,754599417,306.0,333.0,305.5,328.5,0.0,2079,1.117,0.645,0.679
8162,2024-02-20,2024-03-07,1272000,59026150,47.0,48.5,44.9,45.9,0.0,588,0.416,0.188,0.257
6844,2024-02-16,2024-03-08,838704,170140867,210.0,210.0,192.5,198.0,28.0,920,0.468,0.402,0.437
6692,2024-01-15,2024-02-02,1638266,52025232,30.0,33.45,29.5,31.9,1.9,1145,0.329,0.275,0.309
4588,2024-01-09,2024-01-29,2042748,145993839,72.0,73.2,69.2,73.1,0.0,1572,0.753,0.48,0.526
2762,2024-01-04,2024-01-24,3128690,391216522,130.0,133.0,118.5,119.5,0.0,2660,0.041,0.03,0.171
6785,2024-01-04,2024-01-24,3156680,661274889,212.5,218.0,199.5,202.0,52.0,2836,0.616,0.399,0.437
6725,2025-12-12,2025-12-30,2360765,707058392,294.0,319.5,285.0,317.5,129.5,3167,0.976,0.307,0.345
6620,2025-12-08,2025-12-23,2390615,215399360,91.8,91.8,88.5,89.9,5.6,2180,0.243,0.078,0.166
7810,2025-12-08,2025-12-23,1804497,332548250,168.0,201.0,158.0,201.0,116.0,1898,1.956,0.901,1.028
7777,2025-12-05,2025-12-22,4460175,105010632,22.05,24.55,22.05,23.85,5.85,3073,0.59,0.34,0.467
6272,2025-12-05,2025-12-22,3271681,157411020,47.3,50.0,46.05,49.0,0.0,2376,0.531,0.316,0.367
7805,2025-12-05,2025-12-22,869442,610052560,730.0,730.0,673.0,690.0,132.0,1981,0.484,0.355,0.425
8102,2025-12-05,2025-12-22,341154,19782458,57.0,60.0,56.2,59.1,6.0,313,0.313,0.267,0.331
6884,2025-12-02,2025-12-17,635696,28471203,44.0,46.95,41.55,44.75,11.75,562,0.492,0.387,0.463
6910,2025-11-26,2025-12-11,1667774,66028643,40.5,40.95,38.6,39.6,8.6,1160,0.52,0.271,0.345
6730,2025-11-25,2025-12-10,625971,23422438,38.0,38.55,36.3,37.0,5.0,554,0.353,0.261,0.291
7770,2025-11-25,2025-12-10,502080,29429571,58.6,59.6,57.0,58.9,0.5,461,0.226,0.136,0.215
7767,2025-11-25,2025-12-10,1182857,57678693,47.8,50.0,46.0,50.0,9.0,865,0.524,0.343,0.454
7744,2025-11-12,2025-11-27,878881,250308762,286.0,291.5,280.0,283.5,3.5,1030,0.215,0.132,0.205
7769,2025-11-12,2025-11-27,4823875,13750921665,2710.0,3000.0,2705.0,2940.0,0.0,10523,1.458,0.614,0.698
6474,2025-11-06,2025-11-25,857485,31112109,37.0,37.0,35.2,36.55,4.75,757,0.379,0.234,0.302
6831,2025-11-06,2025-11-25,3302113,536443340,152.5,181.0,149.5,178.5,0.0,3111,0.785,0.3,0.374
6614,2025-11-07,2025-11-25,2028113,96587824,47.8,49.4,46.0,47.45,0.0,1704,0.217,0.023,0.19
7711,2025-11-04,2025-11-19,2249112,627467110,282.0,296.5,268.5,278.0,0.0,2820,0.1,0.179,0.325
7786,2025-11-03,2025-11-18,2935372,457165208,159.0,159.5,150.5,150.5,0.0,3031,0.003,0.0,0.124
3158,2025-10-31,2025-11-17,897169,89291646,102.0,103.5,97.1,100.5,20.5,876,0.47,0.399,0.456
7717,2025-10-31,2025-11-17,945602,141337729,160.0,180.0,132.5,142.0,65.0,825,1.029,0.73,0.891
7730,2025-10-16,2025-11-04,389102,36618432,96.5,97.0,88.4,88.6,0.0,344,0.304,0.415,0.5
7791,2025-10-09,2025-10-28,1942637,161093664,83.4,84.5,81.6,82.6,0.0,1674,0.319,0.246,0.306
7716,2025-10-09,2025-10-28,633218,17111468,26.95,28.8,25.5,27.6,6.6,496,0.472,0.323,0.366
7782,2025-10-09,2025-10-28,457871,15264158,33.4,34.0,33.0,33.25,0.75,394,0.33,0.332,0.374
7757,2025-10-01,2025-10-20,853706,116201730,132.5,140.5,130.5,136.5,35.5,988,0.514,0.426,0.456
7738,2025-09-26,2025-10-16,956134,202234001,212.5,217.5,205.0,207.0,39.0,1203,0.491,0.441,0.466
7788,2025-09-26,2025-10-16,1585006,182781856,126.0,127.5,107.5,112.0,0.0,1568,0.356,0.437,0.502
6971,2025-09-16,2025-10-02,953806,38406144,40.5,41.55,39.6,40.0,7.8,796,0.429,0.357,0.405
4585,2025-09-11,2025-09-26,6153928,2934925204,473.0,499.5,443.5,493.0,0.0,11710,1.465,0.755,1.17
7750,2025-09-02,2025-09-17,2075106,1864545337,882.0,925.0,882.0,919.0,0.0,3522,0.75,0.478,0.539
7799,2025-08-29,2025-09-15,2703531,2032563167,740.0,776.0,729.0,750.0,0.0,4580,0.288,0.148,0.238
7610,2025-08-25,2025-09-09,2444202,285246584,109.0,124.5,108.0,117.0,0.0,2057,1.668,1.018,1.371
4441,2025-08-25,2025-09-09,1666463,406434924,245.0,250.0,235.0,240.0,0.0,1605,0.348,0.281,0.302
7780,2025-08-25,2025-09-09,5605644,1187022234,188.0,226.5,180.5,219.0,0.0,6608,0.483,0.09,0.517
7765,2025-08-22,2025-09-08,1376426,459618890,339.0,343.5,328.0,331.0,0.0,1953,0.627,0.46,0.475
7751,2025-08-11,2025-08-26,1196800,599270295,498.5,519.0,485.5,515.0,155.0,1663,0.788,0.429,0.449
4166,2025-08-06,2025-08-21,1886105,53260924,28.0,28.6,27.95,27.95,-0.05,1334,0.248,0.196,0.278
7753,2025-07-23,2025-08-11,845911,47034446,57.5,57.5,54.1,55.0,10.0,696,0.418,0.371,0.403
3135,2025-07-22,2025-08-06,3116471,100529918,33.35,33.4,31.5,32.35,0.0,2052,0.41,0.307,0.346
7721,2025-07-14,2025-07-29,1762176,129555524,73.6,75.8,72.2,74.0,0.0,1531,0.689,0.53,0.589
7547,2025-07-14,2025-07-29,2680506,306304890,110.5,126.0,99.0,116.5,56.5,2415,1.33,0.86,0.91
7747,2025-06-26,2025-07-11,1728441,252634457,155.0,159.0,137.0,141.5,45.5,1800,0.71,0.619,0.658
7740,2025-05-29,2025-06-16,1035937,225025493,208.0,226.0,207.5,217.0,0.0,796,0.669,0.31,0.367
7749,2025-05-28,2025-06-13,2092997,1293461067,608.0,650.0,594.0,635.0,0.0,2684,1.136,0.36,0.466
6918,2025-05-23,2025-06-10,3915084,497388124,115.0,136.0,115.0,135.0,0.0,2904,1.16,0.328,0.364
6925,2025-05-13,2025-05-28,1816422,123131828,60.0,77.0,60.0,74.8,29.0,1483,0.895,0.28,0.335
6944,2025-05-13,2025-05-28,2813448,1085217606,375.0,397.0,368.0,390.0,0.0,3297,0.727,0.373,0.411
1295,2025-05-12,2025-05-27,1328568,85221936,64.7,66.1,62.0,66.1,9.6,909,0.427,0.248,0.281
7642,2025-05-07,2025-05-22,1157193,95062271,81.0,84.3,80.1,83.6,17.4,868,0.44,0.225,0.259
6909,2025-05-06,2025-05-21,2112905,87028037,39.5,42.7,39.4,42.2,0.0,1492,0.688,0.38,0.488
7743,2025-05-05,2025-05-20,843755,27419329,33.0,33.7,31.65,33.1,5.1,687,0.324,0.228,0.301
6498,2025-05-05,2025-05-20,1461473,128711135,86.0,89.9,85.0,89.0,17.0,1224,0.483,0.208,0.262
6597,2025-04-22,2025-05-08,821045,69293806,85.0,86.8,81.6,86.8,0.2,603,0.13,0.029,0.127
7723,2025-04-15,2025-04-30,1495341,79587431,49.85,55.3,49.85,55.1,10.1,1403,0.371,0.12,0.156
6936,2025-04-11,2025-04-28,2898378,106415708,35.0,39.2,35.0,38.9,0.0,2268,0.611,0.288,0.401
3467,2025-03-05,2025-03-25,1240783,81470662,69.0,69.0,62.5,66.5,31.5,1127,1.375,1.0,1.127
7718,2025-02-25,2025-03-18,1767342,97494871,55.0,57.5,53.8,54.8,14.8,1103,0.658,0.485,0.526
7631,2025-02-25,2025-03-13,440574,40234560,90.8,93.0,88.7,91.0,0.0,224,0.625,0.452,0.484
7736,2025-02-25,2025-03-18,1529972,184953147,119.5,125.0,116.5,121.0,0.0,1246,0.762,0.601,0.639
2248,2025-02-20,2025-03-13,1365658,84168702,63.0,63.0,60.2,60.4,0.0,1142,0.305,0.27,0.312
6887,2025-02-17,2025-03-10,1436147,125933452,89.9,89.9,84.6,89.3,0.0,1159,0.717,0.598,0.748
6872,2025-02-14,2025-03-07,2284882,70747417,32.45,32.45,30.0,30.45,7.05,1655,0.692,0.444,0.551
6965,2025-02-14,2025-03-07,6134894,1296660514,222.0,225.0,197.0,200.0,0.0,4785,1.0,0.851,0.978
7728,2025-02-13,2025-03-06,778468,289986728,355.0,409.0,351.0,401.0,181.0,1276,1.005,0.553,0.618
7734,2025-02-06,2025-02-26,515156,799332780,1540.0,1590.0,1525.0,1560.0,310.0,1647,0.485,0.287,0.356
7709,2025-02-05,2025-02-25,1925504,113483238,56.9,61.2,56.6,61.0,16.0,1384,0.532,0.281,0.32
7713,2025-02-04,2025-02-24,1059571,72371632,69.7,69.7,67.0,68.0,13.0,879,0.36,0.24,0.29
4749,2024-12-27,2025-01-17,4601805,3104228387,657.0,691.0,657.0,688.0,208.0,6791,0.677,0.389,0.431
7823,2026-01-21,2026-02-05,823224,127389163,165.0,165.0,146.0,148.0,0.0,644,1.105,0.83,1.066
5547,2026-01-19,2026-02-03,1811866,41319062,22.8,23.9,22.0,23.6,3.2,1127,0.388,0.272,0.321
6934,2026-01-16,2026-02-02,1232578,183744609,150.0,173.0,129.0,164.5,0.0,1168,3.112,2.075,2.185
6907,2026-01-14,2026-01-29,5725964,284147637,49.05,53.0,46.8,49.0,19.0,3189,1.042,0.38,0.606
4590,2026-01-14,2026-01-29,1184845,106002585,87.0,92.7,86.5,91.6,0.0,813,0.695,0.382,0.445
7792,2026-01-13,2026-01-28,2732693,1081852229,399.0,415.0,380.0,406.0,272.0,3446,2.581,0.824,0.856
6961,2026-01-07,2026-01-22,721883,44585481,62.2,63.5,60.3,61.9,6.9,733,0.328,0.251,0.308
1623,2026-01-07,2026-01-22,2444095,692577292,276.5,296.0,263.0,295.0,0.0,2769,0.961,0.493,0.529
6722,2025-12-31,2026-01-16,3047770,136537182,45.0,47.15,40.0,45.8,0.0,2153,0.385,0.269,0.336
7795,2025-12-31,2026-01-16,4805999,1335890581,271.0,300.0,238.0,292.0,0.0,5038,1.757,0.719,0.78
6919,2024-09-11,2024-10-02,3011333,1578238309,536.0,537.0,506.0,518.0,0.0,4456,0.421,0.212,0.301
6907,,2026-01-29,5725964,284147637,49.05,53.0,46.8,49.0,19.0,3189,,,
4590,,2026-01-29,1184845,106002585,87.0,92.7,86.5,91.6,0.0,813,,,
7792,,2026-01-28,2732693,1081852229,399.0,415.0,380.0,406.0,272.0,3446,,,
7823,,2026-02-05,823224,127389163,165.0,165.0,146.0,148.0,0.0,644,,,
5547,,2026-02-03,1811866,41319062,22.8,23.9,22.0,23.6,3.2,1127,,,
6934,,2026-02-02,1232578,183744609,150.0,173.0,129.0,164.5,0.0,1168,,,
